timestamp,unit_id,unit_type,empire_or_resistance,location_x,location_y,destination_x,destination_y,homeworld
2024-05-21 01:06:09,1,x-wing,empire,9,5,8,3,Iridonia
2024-05-21 01:06:08,2,x-wing,empire,6,3,4,9,Tholoth
2024-05-21 01:06:07,3,at-at,resistance,10,8,4,5,Dathomir
2024-05-21 01:06:06,4,x-wing,empire,4,4,8,7,Vulpter
2024-05-21 01:06:05,5,tie_silencer,empire,4,5,4,2,Dagobah
2024-05-21 01:06:04,6,at-at,resistance,6,1,3,3,Iktotch
2024-05-21 01:06:03,7,stormtrooper,resistance,4,9,7,2,Mirial
2024-05-21 01:06:02,8,stormtrooper,empire,7,7,3,4,Dorin
2024-05-21 01:06:01,9,at-at,resistance,4,9,9,5,Eriadu
2024-05-21 01:06:00,10,tie_fighter,resistance,1,6,2,5,Haruun Kal
2024-05-21 01:05:59,11,stormtrooper,empire,5,8,10,2,Naboo
2024-05-21 01:05:58,12,tie_silencer,empire,5,5,4,10,Glee Anselm
2024-05-21 01:05:57,13,at-st,resistance,10,7,2,7,Eriadu
2024-05-21 01:05:56,14,at-at,resistance,1,4,9,10,Glee Anselm
2024-05-21 01:05:55,15,tie_silencer,empire,5,9,5,4,Tholoth
2024-05-21 01:05:54,16,stormtrooper,resistance,1,2,4,8,Tholoth
2024-05-21 01:05:53,17,unknown,empire,3,5,4,7,Champala
2024-05-21 01:05:52,18,at-st,resistance,5,10,3,8,Malastare
2024-05-21 01:05:51,19,at-st,empire,3,6,1,4,Corellia
2024-05-21 01:05:50,20,unknown,resistance,8,5,3,8,Bestine IV
2024-05-21 01:05:49,21,stormtrooper,resistance,8,2,10,1,Tholoth
2024-05-21 01:05:48,22,stormtrooper,empire,2,3,9,5,Toydaria
2024-05-21 01:05:47,23,x-wing,empire,5,9,7,6,Kashyyyk
2024-05-21 01:05:46,24,tie_silencer,empire,9,10,8,1,Tatooine
2024-05-21 01:05:45,25,at-at,empire,2,3,6,3,Tholoth
2024-05-21 01:05:44,26,unknown,empire,10,4,8,4,Corellia
2024-05-21 01:05:43,27,stormtrooper,resistance,8,9,5,5,Umbara
2024-05-21 01:05:42,28,unknown,empire,4,1,4,4,Toydaria
2024-05-21 01:05:41,29,stormtrooper,resistance,7,4,4,7,Eriadu
2024-05-21 01:05:40,30,x-wing,resistance,2,3,10,5,Quermia
2024-05-21 01:05:39,31,at-at,empire,5,10,5,2,Tatooine
2024-05-21 01:05:38,32,unknown,empire,5,9,8,2,Haruun Kal
2024-05-21 01:05:37,33,at-at,resistance,4,5,10,7,Ryloth
2024-05-21 01:05:36,34,at-at,resistance,5,1,1,5,Bestine IV
2024-05-21 01:05:35,35,at-st,empire,6,8,10,7,Quermia
2024-05-21 01:05:34,36,tie_fighter,empire,7,5,10,2,Dagobah
2024-05-21 01:05:33,37,tie_fighter,resistance,6,6,1,4,Haruun Kal
2024-05-21 01:05:32,38,unknown,empire,5,8,3,8,Kalee
2024-05-21 01:05:31,39,stormtrooper,empire,4,5,8,1,Tatooine
2024-05-21 01:05:30,40,at-st,empire,7,7,2,4,Ojom
2024-05-21 01:05:29,41,x-wing,empire,9,2,2,8,Kalee
2024-05-21 01:05:28,42,x-wing,resistance,6,3,3,7,Dathomir
2024-05-21 01:05:27,43,x-wing,empire,8,9,2,9,Serenno
2024-05-21 01:05:26,44,at-st,resistance,5,7,8,4,Haruun Kal
2024-05-21 01:05:25,45,unknown,resistance,3,6,3,1,Tholoth
2024-05-21 01:05:24,46,at-st,empire,7,8,5,1,Aleen Minor
2024-05-21 01:05:23,47,stormtrooper,empire,9,6,4,6,Dorin
2024-05-21 01:05:22,48,tie_fighter,empire,8,7,10,9,Quermia
2024-05-21 01:05:21,49,at-st,resistance,1,9,10,8,Tholoth
2024-05-21 01:05:20,50,at-at,empire,9,1,4,6,Stewjon
2024-05-21 01:05:19,51,at-at,empire,9,3,3,7,Trandosha
2024-05-21 01:05:18,52,stormtrooper,empire,8,6,7,1,Sullust
2024-05-21 01:05:17,53,at-st,resistance,10,8,9,3,Muunilinst
2024-05-21 01:05:16,54,resistance_soldier,resistance,4,4,1,8,Alderaan
2024-05-21 01:05:15,55,resistance_soldier,resistance,10,2,1,7,Mirial
2024-05-21 01:05:14,56,x-wing,resistance,9,10,8,4,Zolan
2024-05-21 01:05:13,57,unknown,empire,8,2,7,5,Alderaan
2024-05-21 01:05:12,58,stormtrooper,resistance,8,8,2,10,Tatooine
2024-05-21 01:05:11,59,unknown,empire,5,7,8,2,Kalee
2024-05-21 01:05:10,60,x-wing,empire,5,4,2,5,Kashyyyk
2024-05-21 01:05:09,61,tie_fighter,empire,8,6,9,9,Ryloth
2024-05-21 01:05:08,62,x-wing,empire,6,4,3,2,Toydaria
2024-05-21 01:05:07,63,at-at,resistance,10,9,9,1,Socorro
2024-05-21 01:05:06,64,at-st,empire,10,8,7,4,Vulpter
2024-05-21 01:05:05,65,at-st,empire,10,1,10,1,Zolan
2024-05-21 01:05:04,66,tie_fighter,empire,5,10,2,9,Bestine IV
2024-05-21 01:05:03,67,tie_fighter,resistance,3,10,10,6,Cerea
2024-05-21 01:05:02,68,tie_fighter,empire,2,2,6,1,Quermia
2024-05-21 01:05:01,69,tie_fighter,empire,4,1,5,7,Stewjon
2024-05-21 01:05:00,70,tie_silencer,empire,2,1,1,10,Troiken
2024-05-21 01:04:59,71,tie_fighter,resistance,2,10,2,4,Iktotch
2024-05-21 01:04:58,72,at-at,empire,7,2,9,4,Chandrila
2024-05-21 01:04:57,73,at-st,empire,4,2,8,4,Toydaria
2024-05-21 01:04:56,74,x-wing,empire,1,8,9,5,Stewjon
2024-05-21 01:04:55,75,tie_silencer,empire,3,6,6,6,Ryloth
2024-05-21 01:04:54,76,x-wing,empire,5,1,5,6,Dathomir
2024-05-21 01:04:53,77,at-st,resistance,7,8,6,2,Iridonia
2024-05-21 01:04:52,78,tie_fighter,resistance,9,2,7,1,Dorin
2024-05-21 01:04:51,79,tie_fighter,empire,6,5,6,8,Ryloth
2024-05-21 01:04:50,80,x-wing,empire,3,8,3,9,Troiken
2024-05-21 01:04:49,81,stormtrooper,resistance,4,8,9,7,Tatooine
2024-05-21 01:04:48,82,at-st,resistance,2,4,6,3,Mirial
2024-05-21 01:04:47,83,unknown,empire,7,9,5,5,Dagobah
2024-05-21 01:04:46,84,tie_fighter,empire,9,6,4,5,Champala
2024-05-21 01:04:45,85,x-wing,resistance,7,10,1,1,Quermia
2024-05-21 01:04:44,86,unknown,resistance,8,10,2,2,Dorin
2024-05-21 01:04:43,87,at-at,empire,3,7,2,4,Skako
2024-05-21 01:04:42,88,stormtrooper,resistance,3,10,9,8,Vulpter
2024-05-21 01:04:41,89,tie_silencer,resistance,6,4,10,4,Dorin
2024-05-21 01:04:40,90,unknown,resistance,7,8,10,3,Stewjon
2024-05-21 01:04:39,91,at-at,resistance,9,3,10,8,Sullust
2024-05-21 01:04:38,92,at-st,resistance,5,1,8,2,Kalee
2024-05-21 01:04:37,93,tie_silencer,empire,5,2,7,4,Cerea
2024-05-21 01:04:36,94,x-wing,resistance,8,1,7,1,Haruun Kal
2024-05-21 01:04:35,95,tie_silencer,resistance,7,8,6,3,Quermia
2024-05-21 01:04:34,96,at-at,resistance,6,9,9,8,Tatooine
2024-05-21 01:04:33,97,stormtrooper,resistance,2,3,8,4,Serenno
2024-05-21 01:04:32,98,x-wing,empire,6,9,10,3,Quermia
2024-05-21 01:04:31,99,unknown,empire,4,3,3,1,Vulpter
2024-05-21 01:04:30,100,x-wing,empire,5,3,5,2,Stewjon
2024-05-21 01:04:29,101,tie_silencer,empire,1,1,6,6,Corellia
2024-05-21 01:04:28,102,tie_fighter,resistance,8,6,3,1,Quermia
2024-05-21 01:04:27,103,tie_silencer,empire,6,9,1,10,Dathomir
2024-05-21 01:04:26,104,stormtrooper,resistance,5,2,3,6,Ryloth
2024-05-21 01:04:25,105,tie_silencer,empire,7,7,3,4,Ojom
2024-05-21 01:04:24,106,tie_silencer,resistance,4,4,8,8,Glee Anselm
2024-05-21 01:04:23,107,at-st,resistance,7,3,5,5,Shili
2024-05-21 01:04:22,108,unknown,resistance,6,3,7,10,Haruun Kal
2024-05-21 01:04:21,109,stormtrooper,resistance,8,8,2,1,Skako
2024-05-21 01:04:20,110,tie_silencer,empire,1,5,3,10,Tatooine
2024-05-21 01:04:19,111,stormtrooper,empire,10,5,9,1,Mon Cala
2024-05-21 01:04:18,112,tie_fighter,resistance,4,3,7,10,Champala
2024-05-21 01:04:17,113,tie_silencer,resistance,6,2,10,7,Cerea
2024-05-21 01:04:16,114,resistance_soldier,resistance,1,7,10,10,Corellia
2024-05-21 01:04:15,115,stormtrooper,empire,10,6,4,2,Toydaria
2024-05-21 01:04:14,116,resistance_soldier,empire,9,5,7,4,Shili
2024-05-21 01:04:13,117,x-wing,resistance,5,8,10,1,Quermia
2024-05-21 01:04:12,118,at-at,empire,1,6,10,4,Eriadu
2024-05-21 01:04:11,119,tie_fighter,empire,2,4,4,8,Dorin
2024-05-21 01:04:10,120,stormtrooper,empire,9,4,7,3,Chandrila
2024-05-21 01:04:09,121,stormtrooper,empire,8,7,6,1,Zolan
2024-05-21 01:04:08,122,stormtrooper,empire,9,9,6,2,Serenno
2024-05-21 01:04:07,123,tie_fighter,resistance,9,10,9,7,Naboo
2024-05-21 01:04:06,124,unknown,resistance,8,6,9,9,Socorro
2024-05-21 01:04:05,125,at-at,empire,5,7,5,4,Rodia
2024-05-21 01:04:04,126,tie_fighter,empire,9,10,10,9,Quermia
2024-05-21 01:04:03,127,resistance_soldier,resistance,5,10,3,6,Kalee
2024-05-21 01:04:02,128,at-st,resistance,7,9,9,3,Bestine IV
2024-05-21 01:04:01,129,x-wing,empire,6,9,3,2,Haruun Kal
2024-05-21 01:04:00,130,at-st,resistance,10,3,6,7,Serenno
2024-05-21 01:03:59,131,at-st,empire,5,7,2,2,Dagobah
2024-05-21 01:03:58,132,at-st,empire,1,8,4,2,Stewjon
2024-05-21 01:03:57,133,stormtrooper,resistance,8,3,4,9,Bestine IV
2024-05-21 01:03:56,134,resistance_soldier,resistance,3,7,2,3,Ojom
2024-05-21 01:03:55,135,at-at,resistance,2,7,7,8,Naboo
2024-05-21 01:03:54,136,x-wing,resistance,3,7,9,8,Tund
2024-05-21 01:03:53,137,x-wing,empire,8,1,2,3,Toydaria
2024-05-21 01:03:52,138,at-at,empire,7,1,7,7,Dagobah
2024-05-21 01:03:51,139,resistance_soldier,resistance,10,6,10,3,Corellia
2024-05-21 01:03:50,140,at-st,empire,2,5,2,1,Alderaan
2024-05-21 01:03:49,141,at-st,resistance,8,4,9,1,Bestine IV
2024-05-21 01:03:48,142,stormtrooper,empire,4,9,4,5,Tatooine
2024-05-21 01:03:47,143,at-st,resistance,3,9,5,1,Aleen Minor
2024-05-21 01:03:46,144,stormtrooper,resistance,3,1,1,3,Muunilinst
2024-05-21 01:03:45,145,at-st,resistance,2,10,1,9,Trandosha
2024-05-21 01:03:44,146,resistance_soldier,resistance,8,8,8,7,Naboo
2024-05-21 01:03:43,147,resistance_soldier,resistance,3,1,6,7,Eriadu
2024-05-21 01:03:42,148,tie_fighter,resistance,7,2,4,8,Troiken
2024-05-21 01:03:41,149,unknown,empire,5,5,2,2,Corellia
2024-05-21 01:03:40,150,resistance_soldier,resistance,5,10,4,4,Ryloth
2024-05-21 01:03:39,151,unknown,empire,3,1,7,6,Sullust
2024-05-21 01:03:38,152,tie_fighter,resistance,5,1,4,7,Iridonia
2024-05-21 01:03:37,153,tie_fighter,resistance,8,2,9,4,Skako
2024-05-21 01:03:36,154,tie_silencer,resistance,7,6,4,1,Cerea
2024-05-21 01:03:35,155,resistance_soldier,empire,4,7,10,8,Bestine IV
2024-05-21 01:03:34,156,unknown,resistance,2,6,10,4,Tholoth
2024-05-21 01:03:33,157,at-at,empire,8,1,5,6,Aleen Minor
2024-05-21 01:03:32,158,resistance_soldier,empire,7,5,10,5,Concord Dawn
2024-05-21 01:03:31,159,tie_silencer,empire,3,5,1,6,Corellia
2024-05-21 01:03:30,160,unknown,resistance,1,4,3,10,Stewjon
2024-05-21 01:03:29,161,tie_silencer,empire,2,9,1,6,Tholoth
2024-05-21 01:03:28,162,resistance_soldier,empire,3,5,1,6,Rodia
2024-05-21 01:03:27,163,tie_silencer,empire,5,8,4,8,Troiken
2024-05-21 01:03:26,164,unknown,resistance,7,9,6,5,Muunilinst
2024-05-21 01:03:25,165,x-wing,resistance,3,3,4,9,Aleen Minor
2024-05-21 01:03:24,166,stormtrooper,resistance,4,6,3,8,Skako
2024-05-21 01:03:23,167,tie_fighter,resistance,1,8,5,10,Trandosha
2024-05-21 01:03:22,168,stormtrooper,empire,8,5,10,2,Glee Anselm
2024-05-21 01:03:21,169,stormtrooper,resistance,9,8,3,2,Mon Cala
2024-05-21 01:03:20,170,tie_silencer,empire,1,7,10,3,Tholoth
2024-05-21 01:03:19,171,x-wing,resistance,3,8,6,7,Eriadu
2024-05-21 01:03:18,172,at-st,empire,6,5,7,3,Corellia
2024-05-21 01:03:17,173,tie_silencer,resistance,1,5,9,2,Cerea
2024-05-21 01:03:16,174,at-st,empire,7,1,9,1,Eriadu
2024-05-21 01:03:15,175,resistance_soldier,empire,8,5,5,9,Kashyyyk
2024-05-21 01:03:14,176,x-wing,resistance,10,6,3,9,Ojom
2024-05-21 01:03:13,177,at-at,resistance,3,6,2,2,Muunilinst
2024-05-21 01:03:12,178,tie_silencer,resistance,4,3,3,9,Mirial
2024-05-21 01:03:11,179,tie_fighter,empire,5,6,3,9,Dagobah
2024-05-21 01:03:10,180,unknown,resistance,9,2,3,7,Kalee
2024-05-21 01:03:09,181,unknown,empire,8,3,8,1,Aleen Minor
2024-05-21 01:03:08,182,tie_fighter,empire,8,2,10,10,Stewjon
2024-05-21 01:03:07,183,stormtrooper,empire,9,5,1,1,Corellia
2024-05-21 01:03:06,184,resistance_soldier,resistance,2,6,5,4,Socorro
2024-05-21 01:03:05,185,tie_silencer,empire,9,4,7,4,Troiken
2024-05-21 01:03:04,186,x-wing,resistance,7,1,1,2,Troiken
2024-05-21 01:03:03,187,unknown,empire,5,1,8,4,Vulpter
2024-05-21 01:03:02,188,unknown,empire,4,5,2,10,Dorin
2024-05-21 01:03:01,189,tie_silencer,empire,10,5,1,2,Muunilinst
2024-05-21 01:03:00,190,stormtrooper,empire,7,8,10,2,Ojom
2024-05-21 01:02:59,191,at-at,empire,5,1,5,10,Haruun Kal
2024-05-21 01:02:58,192,resistance_soldier,empire,4,2,1,3,Tatooine
2024-05-21 01:02:57,193,tie_silencer,resistance,8,6,9,5,Mon Cala
2024-05-21 01:02:56,194,x-wing,resistance,1,9,9,7,Trandosha
2024-05-21 01:02:55,195,at-st,empire,9,9,4,8,Dorin
2024-05-21 01:02:54,196,unknown,empire,4,10,2,4,Serenno
2024-05-21 01:02:53,197,resistance_soldier,empire,4,1,8,7,Serenno
2024-05-21 01:02:52,198,resistance_soldier,empire,6,10,2,7,Iridonia
2024-05-21 01:02:51,199,tie_fighter,empire,1,4,8,6,Dathomir
2024-05-21 01:02:50,200,tie_fighter,empire,8,5,9,5,Iridonia
2024-05-21 01:02:49,201,at-at,resistance,2,9,1,6,Cerea
2024-05-21 01:02:48,202,at-st,empire,1,9,5,2,Stewjon
2024-05-21 01:02:47,203,tie_fighter,resistance,3,7,2,6,Serenno
2024-05-21 01:02:46,204,stormtrooper,empire,9,6,8,9,Glee Anselm
2024-05-21 01:02:45,205,stormtrooper,resistance,7,3,10,8,Trandosha
2024-05-21 01:02:44,206,x-wing,resistance,7,2,7,6,Serenno
2024-05-21 01:02:43,207,at-st,resistance,5,9,9,2,Ojom
2024-05-21 01:02:42,208,tie_fighter,resistance,10,3,8,1,Toydaria
2024-05-21 01:02:41,209,tie_silencer,empire,4,9,10,1,Toydaria
2024-05-21 01:02:40,210,tie_fighter,resistance,3,8,9,10,Mon Cala
2024-05-21 01:02:39,211,at-st,resistance,10,7,4,8,Muunilinst
2024-05-21 01:02:38,212,stormtrooper,resistance,1,4,4,3,Skako
2024-05-21 01:02:37,213,tie_silencer,empire,8,1,7,3,Kashyyyk
2024-05-21 01:02:36,214,tie_silencer,resistance,6,7,4,7,Concord Dawn
2024-05-21 01:02:35,215,x-wing,resistance,5,4,7,9,Alderaan
2024-05-21 01:02:34,216,unknown,empire,8,4,4,2,Mirial
2024-05-21 01:02:33,217,at-at,empire,2,4,10,5,Vulpter
2024-05-21 01:02:32,218,tie_fighter,empire,8,8,5,2,Zolan
2024-05-21 01:02:31,219,x-wing,resistance,9,3,5,8,Alderaan
2024-05-21 01:02:30,220,x-wing,resistance,7,3,8,8,Chandrila
2024-05-21 01:02:29,221,at-st,empire,9,9,9,9,Stewjon
2024-05-21 01:02:28,222,at-st,empire,3,10,4,1,Vulpter
2024-05-21 01:02:27,223,stormtrooper,empire,9,8,1,8,Mirial
2024-05-21 01:02:26,224,unknown,resistance,2,8,6,9,Muunilinst
2024-05-21 01:02:25,225,unknown,resistance,10,7,9,10,Tholoth
2024-05-21 01:02:24,226,tie_silencer,empire,6,3,1,10,Mon Cala
2024-05-21 01:02:23,227,x-wing,empire,2,5,1,1,Chandrila
2024-05-21 01:02:22,228,at-at,resistance,9,1,6,1,Tund
2024-05-21 01:02:21,229,tie_fighter,resistance,7,4,8,5,Rodia
2024-05-21 01:02:20,230,x-wing,resistance,1,5,4,5,Umbara
2024-05-21 01:02:19,231,unknown,empire,9,7,4,7,Iridonia
2024-05-21 01:02:18,232,at-st,resistance,5,1,10,10,Iridonia
2024-05-21 01:02:17,233,x-wing,empire,2,6,10,3,Stewjon
2024-05-21 01:02:16,234,tie_fighter,resistance,6,9,1,9,Sullust
2024-05-21 01:02:15,235,tie_fighter,resistance,7,9,5,8,Mon Cala
2024-05-21 01:02:14,236,at-st,empire,5,10,6,1,Haruun Kal
2024-05-21 01:02:13,237,x-wing,resistance,2,6,1,6,Trandosha
2024-05-21 01:02:12,238,unknown,resistance,1,2,7,6,Glee Anselm
2024-05-21 01:02:11,239,at-st,empire,4,1,10,8,Vulpter
2024-05-21 01:02:10,240,resistance_soldier,resistance,5,10,3,10,Dathomir
2024-05-21 01:02:09,241,at-st,resistance,5,1,10,4,Alderaan
2024-05-21 01:02:08,242,x-wing,empire,6,3,6,4,Vulpter
2024-05-21 01:02:07,243,x-wing,empire,6,6,10,6,Iridonia
2024-05-21 01:02:06,244,resistance_soldier,resistance,3,8,10,9,Iktotch
2024-05-21 01:02:05,245,unknown,empire,2,8,3,6,Trandosha
2024-05-21 01:02:04,246,tie_silencer,resistance,5,9,5,2,Mon Cala
2024-05-21 01:02:03,247,at-at,resistance,6,3,6,6,Ryloth
2024-05-21 01:02:02,248,resistance_soldier,empire,4,5,4,4,Toydaria
2024-05-21 01:02:01,249,at-st,empire,3,4,8,9,Tund
2024-05-21 01:02:00,250,tie_silencer,resistance,8,6,8,1,Zolan
2024-05-21 01:01:59,251,stormtrooper,empire,8,9,10,10,Serenno
2024-05-21 01:01:58,252,x-wing,empire,9,5,6,6,Skako
2024-05-21 01:01:57,253,stormtrooper,empire,1,5,10,3,Serenno
2024-05-21 01:01:56,254,unknown,empire,9,1,6,8,Serenno
2024-05-21 01:01:55,255,unknown,resistance,4,2,9,5,Socorro
2024-05-21 01:01:54,256,tie_silencer,empire,5,2,1,6,Tatooine
2024-05-21 01:01:53,257,unknown,resistance,2,7,3,8,Corellia
2024-05-21 01:01:52,258,resistance_soldier,resistance,2,10,7,6,Malastare
2024-05-21 01:01:51,259,x-wing,resistance,3,3,9,6,Malastare
2024-05-21 01:01:50,260,unknown,resistance,3,6,1,4,Mon Cala
2024-05-21 01:01:49,261,x-wing,resistance,9,9,2,3,Naboo
2024-05-21 01:01:48,262,tie_silencer,empire,6,10,2,6,Trandosha
2024-05-21 01:01:47,263,at-st,empire,9,10,4,2,Champala
2024-05-21 01:01:46,264,resistance_soldier,resistance,4,8,3,6,Alderaan
2024-05-21 01:01:45,265,at-st,empire,5,9,9,8,Mon Cala
2024-05-21 01:01:44,266,at-at,empire,5,8,8,4,Serenno
2024-05-21 01:01:43,267,resistance_soldier,empire,9,3,9,6,Tatooine
2024-05-21 01:01:42,268,x-wing,resistance,5,1,6,6,Umbara
2024-05-21 01:01:41,269,tie_silencer,empire,5,2,8,10,Toydaria
2024-05-21 01:01:40,270,tie_fighter,empire,3,8,4,2,Aleen Minor
2024-05-21 01:01:39,271,resistance_soldier,resistance,7,1,10,3,Dathomir
2024-05-21 01:01:38,272,at-st,resistance,2,10,5,5,Skako
2024-05-21 01:01:37,273,unknown,resistance,1,5,10,7,Concord Dawn
2024-05-21 01:01:36,274,stormtrooper,resistance,5,2,9,1,Ryloth
2024-05-21 01:01:35,275,resistance_soldier,resistance,10,3,8,2,Mirial
2024-05-21 01:01:34,276,x-wing,empire,10,10,8,3,Corellia
2024-05-21 01:01:33,277,at-st,resistance,8,5,4,4,Bestine IV
2024-05-21 01:01:32,278,unknown,empire,2,1,7,4,Aleen Minor
2024-05-21 01:01:31,279,tie_fighter,resistance,6,9,10,10,Eriadu
2024-05-21 01:01:30,280,resistance_soldier,resistance,10,8,10,8,Iridonia
2024-05-21 01:01:29,281,tie_silencer,resistance,3,5,6,6,Alderaan
2024-05-21 01:01:28,282,resistance_soldier,resistance,9,4,9,8,Mon Cala
2024-05-21 01:01:27,283,unknown,resistance,4,10,10,2,Troiken
2024-05-21 01:01:26,284,unknown,resistance,10,1,3,3,Corellia
2024-05-21 01:01:25,285,tie_silencer,empire,3,7,1,10,Tholoth
2024-05-21 01:01:24,286,x-wing,resistance,7,4,2,10,Naboo
2024-05-21 01:01:23,287,at-at,empire,7,6,10,5,Iktotch
2024-05-21 01:01:22,288,at-at,empire,10,10,2,10,Eriadu
2024-05-21 01:01:21,289,unknown,empire,10,7,3,7,Dathomir
2024-05-21 01:01:20,290,x-wing,resistance,10,3,3,8,Eriadu
2024-05-21 01:01:19,291,at-st,resistance,2,8,3,2,Iktotch
2024-05-21 01:01:18,292,unknown,resistance,4,7,10,5,Kashyyyk
2024-05-21 01:01:17,293,tie_fighter,empire,3,1,7,6,Trandosha
2024-05-21 01:01:16,294,tie_silencer,empire,6,10,1,9,Corellia
2024-05-21 01:01:15,295,tie_silencer,empire,3,5,6,4,Stewjon
2024-05-21 01:01:14,296,unknown,empire,2,8,7,1,Trandosha
2024-05-21 01:01:13,297,tie_silencer,resistance,10,1,4,1,Vulpter
2024-05-21 01:01:12,298,tie_fighter,empire,7,6,8,3,Umbara
2024-05-21 01:01:11,299,unknown,resistance,10,8,7,4,Corellia
2024-05-21 01:01:10,300,tie_fighter,empire,7,5,2,4,Kalee
2024-05-21 01:01:09,301,at-at,empire,1,2,3,1,Socorro
2024-05-21 01:01:08,302,unknown,resistance,1,3,1,9,Glee Anselm
2024-05-21 01:01:07,303,unknown,empire,9,1,8,7,Tund
2024-05-21 01:01:06,304,tie_silencer,empire,1,9,9,5,Corellia
2024-05-21 01:01:05,305,unknown,empire,5,1,1,5,Zolan
2024-05-21 01:01:04,306,x-wing,empire,10,7,3,5,Aleen Minor
2024-05-21 01:01:03,307,resistance_soldier,empire,9,5,1,3,Socorro
2024-05-21 01:01:02,308,tie_fighter,resistance,3,3,8,5,Naboo
2024-05-21 01:01:01,309,tie_fighter,resistance,6,3,7,8,Tholoth
2024-05-21 01:01:00,310,stormtrooper,resistance,5,7,6,6,Quermia
2024-05-21 01:00:59,311,tie_silencer,empire,2,6,3,2,Umbara
2024-05-21 01:00:58,312,tie_silencer,resistance,3,1,6,5,Iridonia
2024-05-21 01:00:57,313,at-st,resistance,4,1,2,8,Tund
2024-05-21 01:00:56,314,tie_fighter,empire,1,9,9,5,Ryloth
2024-05-21 01:00:55,315,stormtrooper,empire,5,3,6,10,Toydaria
2024-05-21 01:00:54,316,resistance_soldier,resistance,9,9,1,1,Glee Anselm
2024-05-21 01:00:53,317,tie_fighter,empire,7,6,2,9,Ryloth
2024-05-21 01:00:52,318,tie_fighter,resistance,3,4,2,7,Mirial
2024-05-21 01:00:51,319,at-st,empire,7,4,6,2,Champala
2024-05-21 01:00:50,320,at-at,empire,1,2,8,4,Zolan
2024-05-21 01:00:49,321,tie_fighter,resistance,8,4,10,7,Stewjon
2024-05-21 01:00:48,322,tie_silencer,resistance,7,9,5,7,Cerea
2024-05-21 01:00:47,323,x-wing,resistance,3,2,5,9,Glee Anselm
2024-05-21 01:00:46,324,tie_silencer,empire,1,6,3,2,Umbara
2024-05-21 01:00:45,325,at-st,resistance,9,2,5,10,Ojom
2024-05-21 01:00:44,326,stormtrooper,empire,10,3,2,9,Tund
2024-05-21 01:00:43,327,tie_fighter,empire,4,3,3,5,Zolan
2024-05-21 01:00:42,328,tie_fighter,empire,1,8,6,4,Glee Anselm
2024-05-21 01:00:41,329,unknown,empire,8,2,1,9,Alderaan
2024-05-21 01:00:40,330,tie_fighter,empire,7,5,7,9,Alderaan
2024-05-21 01:00:39,331,unknown,resistance,5,2,6,6,Chandrila
2024-05-21 01:00:38,332,resistance_soldier,resistance,5,5,6,10,Rodia
2024-05-21 01:00:37,333,at-st,resistance,6,9,5,2,Concord Dawn
2024-05-21 01:00:36,334,stormtrooper,empire,5,3,7,6,Ryloth
2024-05-21 01:00:35,335,tie_silencer,empire,2,6,8,3,Corellia
2024-05-21 01:00:34,336,tie_fighter,resistance,10,5,4,1,Haruun Kal
2024-05-21 01:00:33,337,x-wing,empire,6,7,8,3,Ryloth
2024-05-21 01:00:32,338,resistance_soldier,resistance,2,9,10,7,Dagobah
2024-05-21 01:00:31,339,x-wing,empire,4,6,2,1,Concord Dawn
2024-05-21 01:00:30,340,at-st,empire,7,8,2,5,Glee Anselm
2024-05-21 01:00:29,341,tie_fighter,empire,5,3,7,3,Muunilinst
2024-05-21 01:00:28,342,at-at,resistance,9,8,10,8,Glee Anselm
2024-05-21 01:00:27,343,stormtrooper,empire,8,2,3,9,Skako
2024-05-21 01:00:26,344,tie_fighter,empire,9,9,5,9,Eriadu
2024-05-21 01:00:25,345,resistance_soldier,resistance,1,2,4,6,Tund
2024-05-21 01:00:24,346,x-wing,resistance,2,2,7,4,Stewjon
2024-05-21 01:00:23,347,at-st,resistance,2,2,7,2,Serenno
2024-05-21 01:00:22,348,tie_fighter,empire,4,2,2,1,Corellia
2024-05-21 01:00:21,349,tie_silencer,empire,1,7,5,6,Sullust
2024-05-21 01:00:20,350,at-at,resistance,7,7,4,5,Sullust
2024-05-21 01:00:19,351,at-st,resistance,4,3,9,1,Glee Anselm
2024-05-21 01:00:18,352,x-wing,resistance,5,4,4,7,Toydaria
2024-05-21 01:00:17,353,unknown,resistance,10,3,1,7,Eriadu
2024-05-21 01:00:16,354,x-wing,empire,4,3,6,2,Tholoth
2024-05-21 01:00:15,355,at-at,empire,4,6,1,1,Serenno
2024-05-21 01:00:14,356,stormtrooper,empire,10,8,5,2,Alderaan
2024-05-21 01:00:13,357,tie_fighter,empire,4,8,1,10,Ryloth
2024-05-21 01:00:12,358,tie_silencer,empire,9,2,8,6,Iridonia
2024-05-21 01:00:11,359,at-at,resistance,3,2,4,7,Iridonia
2024-05-21 01:00:10,360,at-at,resistance,8,7,10,8,Kashyyyk
2024-05-21 01:00:09,361,tie_silencer,empire,2,4,10,1,Tholoth
2024-05-21 01:00:08,362,x-wing,empire,6,1,2,1,Mirial
2024-05-21 01:00:07,363,tie_fighter,resistance,8,10,4,6,Eriadu
2024-05-21 01:00:06,364,at-at,resistance,4,8,5,4,Kashyyyk
2024-05-21 01:00:05,365,x-wing,empire,2,4,8,2,Tund
2024-05-21 01:00:04,366,x-wing,empire,3,9,8,8,Skako
2024-05-21 01:00:03,367,resistance_soldier,empire,9,4,2,5,Alderaan
2024-05-21 01:00:02,368,resistance_soldier,resistance,7,6,2,8,Kalee
2024-05-21 01:00:01,369,stormtrooper,empire,1,2,1,4,Serenno
2024-05-21 01:00:00,370,tie_fighter,resistance,5,7,4,3,Kashyyyk
2024-05-21 00:59:59,371,resistance_soldier,resistance,8,9,2,4,Naboo
2024-05-21 00:59:58,372,at-st,resistance,7,1,5,4,Dathomir
2024-05-21 00:59:57,373,tie_fighter,empire,2,10,10,9,Rodia
2024-05-21 00:59:56,374,resistance_soldier,empire,7,10,4,10,Ojom
2024-05-21 00:59:55,375,at-st,resistance,3,1,6,5,Iridonia
2024-05-21 00:59:54,376,stormtrooper,empire,8,10,3,1,Troiken
2024-05-21 00:59:53,377,stormtrooper,empire,3,2,3,1,Champala
2024-05-21 00:59:52,378,resistance_soldier,resistance,3,6,7,7,Stewjon
2024-05-21 00:59:51,379,stormtrooper,resistance,1,8,2,1,Kalee
2024-05-21 00:59:50,380,x-wing,empire,5,8,10,1,Rodia
2024-05-21 00:59:49,381,stormtrooper,empire,2,10,8,2,Kalee
2024-05-21 00:59:48,382,resistance_soldier,resistance,10,7,1,10,Kashyyyk
2024-05-21 00:59:47,383,tie_fighter,resistance,9,7,6,3,Mon Cala
2024-05-21 00:59:46,384,unknown,empire,8,2,1,7,Mon Cala
2024-05-21 00:59:45,385,tie_fighter,empire,9,4,5,1,Toydaria
2024-05-21 00:59:44,386,resistance_soldier,empire,7,2,5,9,Iridonia
2024-05-21 00:59:43,387,tie_silencer,resistance,1,8,3,7,Glee Anselm
2024-05-21 00:59:42,388,tie_fighter,resistance,3,10,6,7,Dorin
2024-05-21 00:59:41,389,stormtrooper,resistance,8,1,3,9,Malastare
2024-05-21 00:59:40,390,at-st,empire,4,9,5,1,Bestine IV
2024-05-21 00:59:39,391,x-wing,resistance,1,9,4,2,Dathomir
2024-05-21 00:59:38,392,unknown,resistance,9,6,4,5,Socorro
2024-05-21 00:59:37,393,unknown,empire,4,3,4,1,Corellia
2024-05-21 00:59:36,394,unknown,resistance,10,8,7,5,Concord Dawn
2024-05-21 00:59:35,395,unknown,empire,3,4,7,7,Kashyyyk
2024-05-21 00:59:34,396,resistance_soldier,resistance,10,4,5,10,Skako
2024-05-21 00:59:33,397,stormtrooper,resistance,4,6,8,2,Toydaria
2024-05-21 00:59:32,398,at-st,resistance,8,8,1,4,Rodia
2024-05-21 00:59:31,399,tie_fighter,resistance,4,1,2,7,Naboo
2024-05-21 00:59:30,400,unknown,empire,9,10,3,3,Glee Anselm
2024-05-21 00:59:29,401,unknown,empire,10,6,3,3,Rodia
2024-05-21 00:59:28,402,unknown,resistance,2,2,9,5,Shili
2024-05-21 00:59:27,403,x-wing,empire,5,1,3,5,Trandosha
2024-05-21 00:59:26,404,resistance_soldier,resistance,7,9,1,6,Kashyyyk
2024-05-21 00:59:25,405,at-at,empire,4,2,10,2,Shili
2024-05-21 00:59:24,406,x-wing,empire,3,5,8,3,Troiken
2024-05-21 00:59:23,407,at-st,empire,3,10,7,9,Trandosha
2024-05-21 00:59:22,408,tie_silencer,empire,6,2,10,7,Tholoth
2024-05-21 00:59:21,409,unknown,empire,5,3,7,8,Quermia
2024-05-21 00:59:20,410,stormtrooper,resistance,9,5,7,3,Toydaria
2024-05-21 00:59:19,411,resistance_soldier,empire,2,2,4,2,Mon Cala
2024-05-21 00:59:18,412,resistance_soldier,empire,6,7,6,1,Tund
2024-05-21 00:59:17,413,x-wing,empire,3,6,2,1,Skako
2024-05-21 00:59:16,414,tie_fighter,resistance,10,4,6,5,Dathomir
2024-05-21 00:59:15,415,unknown,resistance,8,3,7,6,Ryloth
2024-05-21 00:59:14,416,x-wing,empire,1,5,5,1,Vulpter
2024-05-21 00:59:13,417,at-st,resistance,3,6,2,3,Muunilinst
2024-05-21 00:59:12,418,at-st,resistance,9,6,10,1,Aleen Minor
2024-05-21 00:59:11,419,resistance_soldier,resistance,9,8,8,5,Shili
2024-05-21 00:59:10,420,x-wing,empire,10,10,6,4,Ryloth
2024-05-21 00:59:09,421,at-st,resistance,10,6,7,5,Naboo
2024-05-21 00:59:08,422,resistance_soldier,empire,8,3,2,1,Muunilinst
2024-05-21 00:59:07,423,stormtrooper,resistance,8,1,6,9,Glee Anselm
2024-05-21 00:59:06,424,resistance_soldier,empire,1,4,1,3,Tholoth
2024-05-21 00:59:05,425,x-wing,resistance,3,10,9,2,Dorin
2024-05-21 00:59:04,426,at-st,resistance,3,2,8,4,Alderaan
2024-05-21 00:59:03,427,tie_fighter,empire,10,7,10,4,Glee Anselm
2024-05-21 00:59:02,428,stormtrooper,empire,2,7,8,10,Muunilinst
2024-05-21 00:59:01,429,stormtrooper,empire,4,4,9,3,Cerea
2024-05-21 00:59:00,430,at-st,empire,4,9,3,9,Naboo
2024-05-21 00:58:59,431,at-at,empire,1,3,9,3,Mirial
2024-05-21 00:58:58,432,x-wing,resistance,4,4,6,4,Troiken
2024-05-21 00:58:57,433,tie_silencer,empire,9,6,7,4,Cerea
2024-05-21 00:58:56,434,at-at,resistance,9,10,5,6,Naboo
2024-05-21 00:58:55,435,at-st,empire,5,5,2,1,Chandrila
2024-05-21 00:58:54,436,at-st,resistance,5,5,5,10,Trandosha
2024-05-21 00:58:53,437,x-wing,resistance,2,8,5,9,Dagobah
2024-05-21 00:58:52,438,tie_silencer,resistance,3,4,7,9,Vulpter
2024-05-21 00:58:51,439,stormtrooper,resistance,5,10,9,10,Aleen Minor
2024-05-21 00:58:50,440,at-at,empire,3,3,5,7,Concord Dawn
2024-05-21 00:58:49,441,tie_fighter,resistance,5,9,6,9,Zolan
2024-05-21 00:58:48,442,at-st,empire,5,1,2,2,Zolan
2024-05-21 00:58:47,443,unknown,resistance,1,10,5,5,Glee Anselm
2024-05-21 00:58:46,444,at-at,empire,5,4,1,7,Iridonia
2024-05-21 00:58:45,445,at-st,resistance,10,4,7,5,Quermia
2024-05-21 00:58:44,446,resistance_soldier,resistance,10,10,7,1,Aleen Minor
2024-05-21 00:58:43,447,x-wing,empire,2,4,5,10,Vulpter
2024-05-21 00:58:42,448,resistance_soldier,resistance,4,8,6,2,Socorro
2024-05-21 00:58:41,449,unknown,resistance,7,6,3,7,Aleen Minor
2024-05-21 00:58:40,450,at-st,empire,2,7,6,4,Trandosha
2024-05-21 00:58:39,451,x-wing,resistance,9,2,5,3,Iridonia
2024-05-21 00:58:38,452,x-wing,empire,7,6,7,10,Cerea
2024-05-21 00:58:37,453,unknown,resistance,9,3,4,9,Shili
2024-05-21 00:58:36,454,tie_fighter,empire,6,8,8,5,Glee Anselm
2024-05-21 00:58:35,455,at-st,resistance,7,5,5,8,Iktotch
2024-05-21 00:58:34,456,resistance_soldier,empire,4,6,6,8,Iridonia
2024-05-21 00:58:33,457,x-wing,empire,9,5,9,7,Chandrila
2024-05-21 00:58:32,458,at-st,resistance,1,7,3,2,Toydaria
2024-05-21 00:58:31,459,unknown,empire,8,7,5,5,Aleen Minor
2024-05-21 00:58:30,460,unknown,empire,4,6,8,10,Glee Anselm
2024-05-21 00:58:29,461,tie_silencer,empire,1,10,4,9,Troiken
2024-05-21 00:58:28,462,unknown,resistance,8,2,3,8,Troiken
2024-05-21 00:58:27,463,stormtrooper,resistance,10,8,6,2,Umbara
2024-05-21 00:58:26,464,stormtrooper,resistance,8,4,10,9,Iktotch
2024-05-21 00:58:25,465,tie_silencer,resistance,7,6,4,3,Glee Anselm
2024-05-21 00:58:24,466,tie_fighter,resistance,5,7,8,5,Toydaria
2024-05-21 00:58:23,467,at-at,resistance,10,10,3,7,Aleen Minor
2024-05-21 00:58:22,468,resistance_soldier,empire,8,1,3,5,Kalee
2024-05-21 00:58:21,469,unknown,resistance,3,6,8,5,Bestine IV
2024-05-21 00:58:20,470,unknown,resistance,10,9,9,5,Troiken
2024-05-21 00:58:19,471,at-at,empire,5,3,2,2,Tholoth
2024-05-21 00:58:18,472,tie_silencer,empire,2,6,7,9,Stewjon
2024-05-21 00:58:17,473,tie_fighter,empire,2,5,3,8,Haruun Kal
2024-05-21 00:58:16,474,at-st,empire,8,5,4,10,Mon Cala
2024-05-21 00:58:15,475,at-st,resistance,8,7,6,10,Shili
2024-05-21 00:58:14,476,stormtrooper,empire,9,6,8,10,Bestine IV
2024-05-21 00:58:13,477,stormtrooper,empire,6,9,5,9,Aleen Minor
2024-05-21 00:58:12,478,tie_silencer,empire,10,10,10,10,Ojom
2024-05-21 00:58:11,479,stormtrooper,resistance,2,6,9,8,Tund
2024-05-21 00:58:10,480,at-st,empire,2,1,6,2,Mon Cala
2024-05-21 00:58:09,481,stormtrooper,empire,3,10,3,4,Shili
2024-05-21 00:58:08,482,unknown,empire,5,7,1,8,Stewjon
2024-05-21 00:58:07,483,stormtrooper,resistance,3,3,2,3,Naboo
2024-05-21 00:58:06,484,x-wing,empire,2,10,4,3,Iridonia
2024-05-21 00:58:05,485,tie_silencer,empire,8,4,2,10,Tholoth
2024-05-21 00:58:04,486,resistance_soldier,empire,2,5,2,4,Tund
2024-05-21 00:58:03,487,resistance_soldier,empire,7,1,10,8,Vulpter
2024-05-21 00:58:02,488,resistance_soldier,empire,2,9,4,7,Stewjon
2024-05-21 00:58:01,489,tie_fighter,empire,3,8,7,1,Naboo
2024-05-21 00:58:00,490,tie_fighter,empire,5,8,2,6,Glee Anselm
2024-05-21 00:57:59,491,at-st,resistance,6,6,8,6,Shili
2024-05-21 00:57:58,492,stormtrooper,resistance,7,9,9,3,Mirial
2024-05-21 00:57:57,493,resistance_soldier,empire,7,1,2,7,Concord Dawn
2024-05-21 00:57:56,494,tie_fighter,resistance,2,1,9,10,Muunilinst
2024-05-21 00:57:55,495,at-st,empire,10,5,8,9,Haruun Kal
2024-05-21 00:57:54,496,tie_silencer,empire,7,10,1,10,Haruun Kal
2024-05-21 00:57:53,497,tie_silencer,empire,5,9,1,9,Bestine IV
2024-05-21 00:57:52,498,tie_fighter,resistance,3,8,10,3,Tund
2024-05-21 00:57:51,499,x-wing,resistance,2,7,1,9,Vulpter
2024-05-21 00:57:50,500,tie_silencer,resistance,10,4,8,7,Dorin
2024-05-21 00:57:49,501,unknown,empire,5,5,6,2,Mirial
2024-05-21 00:57:48,502,stormtrooper,empire,7,4,5,2,Socorro
2024-05-21 00:57:47,503,unknown,resistance,8,6,3,10,Dorin
2024-05-21 00:57:46,504,resistance_soldier,resistance,8,10,4,2,Rodia
2024-05-21 00:57:45,505,x-wing,empire,6,2,10,7,Alderaan
2024-05-21 00:57:44,506,stormtrooper,resistance,9,2,10,3,Zolan
2024-05-21 00:57:43,507,resistance_soldier,empire,6,5,2,10,Iridonia
2024-05-21 00:57:42,508,tie_silencer,resistance,9,8,10,8,Glee Anselm
2024-05-21 00:57:41,509,tie_silencer,resistance,3,2,3,7,Iridonia
2024-05-21 00:57:40,510,at-st,empire,7,4,7,5,Chandrila
2024-05-21 00:57:39,511,at-st,resistance,8,10,1,7,Shili
2024-05-21 00:57:38,512,stormtrooper,empire,5,4,10,3,Corellia
2024-05-21 00:57:37,513,unknown,resistance,2,10,10,1,Stewjon
2024-05-21 00:57:36,514,tie_silencer,resistance,6,10,6,4,Ojom
2024-05-21 00:57:35,515,unknown,empire,7,2,8,5,Troiken
2024-05-21 00:57:34,516,at-at,empire,8,3,4,5,Zolan
2024-05-21 00:57:33,517,x-wing,empire,4,9,4,9,Umbara
2024-05-21 00:57:32,518,tie_fighter,resistance,2,3,10,9,Serenno
2024-05-21 00:57:31,519,resistance_soldier,resistance,7,2,3,7,Dorin
2024-05-21 00:57:30,520,resistance_soldier,resistance,8,9,8,8,Trandosha
2024-05-21 00:57:29,521,x-wing,empire,7,5,10,4,Mon Cala
2024-05-21 00:57:28,522,at-at,resistance,6,6,9,1,Trandosha
2024-05-21 00:57:27,523,at-st,empire,1,8,1,1,Malastare
2024-05-21 00:57:26,524,stormtrooper,empire,2,1,7,9,Troiken
2024-05-21 00:57:25,525,x-wing,resistance,2,4,9,10,Iridonia
2024-05-21 00:57:24,526,x-wing,resistance,4,4,8,3,Muunilinst
2024-05-21 00:57:23,527,at-at,resistance,8,1,6,4,Bestine IV
2024-05-21 00:57:22,528,resistance_soldier,empire,10,1,3,4,Malastare
2024-05-21 00:57:21,529,tie_silencer,resistance,3,3,4,1,Iktotch
2024-05-21 00:57:20,530,at-at,empire,3,6,2,9,Toydaria
2024-05-21 00:57:19,531,unknown,resistance,5,7,1,7,Iktotch
2024-05-21 00:57:18,532,unknown,resistance,2,3,10,5,Sullust
2024-05-21 00:57:17,533,at-st,empire,8,8,5,5,Umbara
2024-05-21 00:57:16,534,at-at,empire,9,10,2,5,Sullust
2024-05-21 00:57:15,535,tie_fighter,empire,8,9,5,8,Iridonia
2024-05-21 00:57:14,536,unknown,empire,7,7,6,4,Champala
2024-05-21 00:57:13,537,unknown,empire,1,10,10,3,Umbara
2024-05-21 00:57:12,538,stormtrooper,resistance,10,6,8,9,Corellia
2024-05-21 00:57:11,539,stormtrooper,resistance,7,4,7,3,Socorro
2024-05-21 00:57:10,540,tie_silencer,empire,5,5,9,5,Troiken
2024-05-21 00:57:09,541,x-wing,empire,4,10,2,6,Troiken
2024-05-21 00:57:08,542,resistance_soldier,empire,3,2,3,6,Dagobah
2024-05-21 00:57:07,543,at-at,empire,9,5,10,2,Skako
2024-05-21 00:57:06,544,tie_silencer,resistance,1,9,10,5,Shili
2024-05-21 00:57:05,545,stormtrooper,empire,8,9,5,8,Umbara
2024-05-21 00:57:04,546,x-wing,empire,6,1,2,2,Sullust
2024-05-21 00:57:03,547,tie_fighter,empire,4,4,3,7,Troiken
2024-05-21 00:57:02,548,at-st,empire,6,7,2,1,Ojom
2024-05-21 00:57:01,549,tie_silencer,empire,6,7,1,5,Haruun Kal
2024-05-21 00:57:00,550,at-st,empire,5,9,6,7,Naboo
2024-05-21 00:56:59,551,tie_fighter,empire,2,5,4,4,Glee Anselm
2024-05-21 00:56:58,552,unknown,empire,4,6,8,3,Tholoth
2024-05-21 00:56:57,553,resistance_soldier,resistance,5,5,5,8,Dagobah
2024-05-21 00:56:56,554,resistance_soldier,resistance,3,6,7,4,Corellia
2024-05-21 00:56:55,555,at-st,empire,3,9,3,10,Dathomir
2024-05-21 00:56:54,556,x-wing,empire,10,10,5,9,Zolan
2024-05-21 00:56:53,557,tie_fighter,resistance,9,3,1,1,Mirial
2024-05-21 00:56:52,558,tie_fighter,empire,9,4,10,6,Zolan
2024-05-21 00:56:51,559,at-st,empire,7,2,6,5,Chandrila
2024-05-21 00:56:50,560,stormtrooper,resistance,2,5,1,2,Dagobah
2024-05-21 00:56:49,561,tie_fighter,resistance,2,9,6,7,Trandosha
2024-05-21 00:56:48,562,stormtrooper,resistance,2,7,6,10,Toydaria
2024-05-21 00:56:47,563,resistance_soldier,resistance,1,1,7,10,Tatooine
2024-05-21 00:56:46,564,unknown,resistance,3,6,2,9,Tatooine
2024-05-21 00:56:45,565,stormtrooper,empire,5,3,10,9,Corellia
2024-05-21 00:56:44,566,unknown,empire,1,8,10,1,Muunilinst
2024-05-21 00:56:43,567,x-wing,resistance,4,8,6,10,Glee Anselm
2024-05-21 00:56:42,568,unknown,resistance,6,7,3,8,Ojom
2024-05-21 00:56:41,569,stormtrooper,resistance,4,5,3,9,Shili
2024-05-21 00:56:40,570,resistance_soldier,resistance,9,3,3,10,Aleen Minor
2024-05-21 00:56:39,571,x-wing,empire,9,6,1,7,Naboo
2024-05-21 00:56:38,572,unknown,empire,7,10,10,3,Kashyyyk
2024-05-21 00:56:37,573,x-wing,empire,3,3,10,8,Cerea
2024-05-21 00:56:36,574,tie_silencer,resistance,2,8,1,9,Mon Cala
2024-05-21 00:56:35,575,resistance_soldier,resistance,6,4,6,3,Naboo
2024-05-21 00:56:34,576,unknown,empire,10,4,1,5,Aleen Minor
2024-05-21 00:56:33,577,at-st,empire,1,6,10,5,Tund
2024-05-21 00:56:32,578,unknown,resistance,4,6,9,3,Cerea
2024-05-21 00:56:31,579,x-wing,resistance,5,9,4,6,Bestine IV
2024-05-21 00:56:30,580,at-st,resistance,2,9,10,5,Iktotch
2024-05-21 00:56:29,581,tie_silencer,empire,5,7,9,10,Alderaan
2024-05-21 00:56:28,582,resistance_soldier,empire,10,1,5,10,Socorro
2024-05-21 00:56:27,583,at-at,resistance,10,7,8,4,Iktotch
2024-05-21 00:56:26,584,stormtrooper,empire,1,5,9,7,Ojom
2024-05-21 00:56:25,585,resistance_soldier,empire,4,10,10,8,Iktotch
2024-05-21 00:56:24,586,unknown,empire,7,10,3,9,Iktotch
2024-05-21 00:56:23,587,tie_silencer,resistance,9,2,5,5,Haruun Kal
2024-05-21 00:56:22,588,stormtrooper,resistance,4,5,1,1,Chandrila
2024-05-21 00:56:21,589,unknown,empire,7,5,4,5,Tholoth
2024-05-21 00:56:20,590,x-wing,empire,6,7,3,7,Serenno
2024-05-21 00:56:19,591,tie_silencer,resistance,8,1,6,7,Vulpter
2024-05-21 00:56:18,592,at-st,resistance,7,10,4,1,Chandrila
2024-05-21 00:56:17,593,tie_fighter,empire,4,8,4,9,Glee Anselm
2024-05-21 00:56:16,594,resistance_soldier,empire,3,5,10,5,Socorro
2024-05-21 00:56:15,595,unknown,empire,7,2,2,10,Mon Cala
2024-05-21 00:56:14,596,tie_fighter,empire,7,1,8,7,Dagobah
2024-05-21 00:56:13,597,stormtrooper,resistance,6,8,10,8,Ojom
2024-05-21 00:56:12,598,tie_silencer,resistance,3,6,9,2,Troiken
2024-05-21 00:56:11,599,tie_silencer,resistance,6,6,3,7,Trandosha
2024-05-21 00:56:10,600,at-st,empire,7,9,9,2,Dorin
2024-05-21 00:56:09,601,resistance_soldier,empire,5,7,2,3,Tatooine
2024-05-21 00:56:08,602,at-st,resistance,8,8,1,7,Sullust
2024-05-21 00:56:07,603,tie_fighter,empire,1,8,7,1,Tholoth
2024-05-21 00:56:06,604,at-st,empire,3,4,8,2,Shili
2024-05-21 00:56:05,605,tie_fighter,resistance,7,10,7,2,Concord Dawn
2024-05-21 00:56:04,606,at-at,resistance,10,5,10,8,Concord Dawn
2024-05-21 00:56:03,607,tie_fighter,empire,8,2,6,1,Ojom
2024-05-21 00:56:02,608,tie_fighter,empire,4,2,3,6,Concord Dawn
2024-05-21 00:56:01,609,stormtrooper,empire,7,3,1,2,Corellia
2024-05-21 00:56:00,610,tie_fighter,resistance,8,10,2,9,Muunilinst
2024-05-21 00:55:59,611,tie_fighter,empire,1,9,4,3,Mon Cala
2024-05-21 00:55:58,612,at-at,empire,8,7,4,8,Skako
2024-05-21 00:55:57,613,x-wing,resistance,3,1,5,9,Aleen Minor
2024-05-21 00:55:56,614,resistance_soldier,resistance,2,2,3,4,Zolan
2024-05-21 00:55:55,615,resistance_soldier,resistance,5,8,7,6,Serenno
2024-05-21 00:55:54,616,tie_silencer,empire,4,3,1,5,Serenno
2024-05-21 00:55:53,617,unknown,resistance,9,4,4,2,Serenno
2024-05-21 00:55:52,618,unknown,resistance,7,4,8,4,Toydaria
2024-05-21 00:55:51,619,unknown,empire,6,9,8,4,Iridonia
2024-05-21 00:55:50,620,tie_fighter,resistance,4,8,4,5,Bestine IV
2024-05-21 00:55:49,621,stormtrooper,resistance,10,4,4,1,Corellia
2024-05-21 00:55:48,622,x-wing,empire,4,8,1,1,Haruun Kal
2024-05-21 00:55:47,623,x-wing,resistance,5,1,3,10,Alderaan
2024-05-21 00:55:46,624,stormtrooper,empire,6,4,4,8,Tund
2024-05-21 00:55:45,625,at-st,resistance,4,3,1,9,Skako
2024-05-21 00:55:44,626,unknown,resistance,9,7,10,1,Iktotch
2024-05-21 00:55:43,627,unknown,resistance,2,4,5,1,Chandrila
2024-05-21 00:55:42,628,x-wing,resistance,10,5,4,7,Kalee
2024-05-21 00:55:41,629,resistance_soldier,empire,9,5,1,8,Vulpter
2024-05-21 00:55:40,630,x-wing,empire,9,8,7,8,Toydaria
2024-05-21 00:55:39,631,at-st,resistance,5,7,1,9,Zolan
2024-05-21 00:55:38,632,resistance_soldier,empire,2,6,3,3,Alderaan
2024-05-21 00:55:37,633,resistance_soldier,empire,5,1,9,2,Iktotch
2024-05-21 00:55:36,634,tie_fighter,resistance,9,9,2,9,Alderaan
2024-05-21 00:55:35,635,tie_fighter,resistance,4,4,9,6,Zolan
2024-05-21 00:55:34,636,at-at,empire,7,6,1,1,Bestine IV
2024-05-21 00:55:33,637,at-at,resistance,8,1,7,3,Socorro
2024-05-21 00:55:32,638,unknown,empire,3,5,3,8,Corellia
2024-05-21 00:55:31,639,at-st,resistance,4,10,5,2,Iktotch
2024-05-21 00:55:30,640,tie_fighter,resistance,1,3,2,6,Glee Anselm
2024-05-21 00:55:29,641,tie_fighter,resistance,5,2,8,10,Ojom
2024-05-21 00:55:28,642,tie_fighter,empire,9,9,7,6,Champala
2024-05-21 00:55:27,643,unknown,resistance,1,2,6,7,Tund
2024-05-21 00:55:26,644,at-at,empire,7,1,10,6,Iktotch
2024-05-21 00:55:25,645,resistance_soldier,empire,4,6,5,10,Malastare
2024-05-21 00:55:24,646,tie_fighter,empire,5,2,5,10,Iktotch
2024-05-21 00:55:23,647,stormtrooper,resistance,7,10,4,10,Kalee
2024-05-21 00:55:22,648,tie_silencer,resistance,6,1,2,2,Tund
2024-05-21 00:55:21,649,stormtrooper,resistance,2,9,5,7,Tholoth
2024-05-21 00:55:20,650,at-st,resistance,4,2,2,6,Eriadu
2024-05-21 00:55:19,651,x-wing,empire,1,7,10,8,Zolan
2024-05-21 00:55:18,652,stormtrooper,empire,7,3,4,5,Trandosha
2024-05-21 00:55:17,653,at-st,empire,7,1,5,6,Rodia
2024-05-21 00:55:16,654,at-st,empire,8,8,10,8,Kashyyyk
2024-05-21 00:55:15,655,x-wing,resistance,10,3,10,4,Tatooine
2024-05-21 00:55:14,656,tie_fighter,resistance,1,6,8,4,Concord Dawn
2024-05-21 00:55:13,657,x-wing,empire,10,7,1,5,Quermia
2024-05-21 00:55:12,658,stormtrooper,empire,3,5,5,3,Naboo
2024-05-21 00:55:11,659,at-st,empire,4,7,2,6,Iktotch
2024-05-21 00:55:10,660,unknown,empire,2,8,7,4,Aleen Minor
2024-05-21 00:55:09,661,unknown,empire,8,10,2,2,Haruun Kal
2024-05-21 00:55:08,662,unknown,empire,1,7,4,7,Dagobah
2024-05-21 00:55:07,663,at-at,empire,4,6,6,10,Skako
2024-05-21 00:55:06,664,tie_silencer,resistance,6,2,8,4,Iktotch
2024-05-21 00:55:05,665,tie_fighter,resistance,1,10,4,1,Kalee
2024-05-21 00:55:04,666,at-st,empire,3,7,6,3,Socorro
2024-05-21 00:55:03,667,at-at,empire,3,10,9,2,Champala
2024-05-21 00:55:02,668,tie_silencer,empire,3,7,5,7,Iktotch
2024-05-21 00:55:01,669,tie_fighter,resistance,4,9,6,1,Cerea
2024-05-21 00:55:00,670,unknown,resistance,4,2,2,9,Vulpter
2024-05-21 00:54:59,671,x-wing,resistance,3,9,7,4,Iridonia
2024-05-21 00:54:58,672,tie_silencer,resistance,4,2,7,4,Skako
2024-05-21 00:54:57,673,tie_fighter,resistance,10,8,7,3,Eriadu
2024-05-21 00:54:56,674,x-wing,resistance,4,8,8,5,Malastare
2024-05-21 00:54:55,675,resistance_soldier,resistance,4,4,7,10,Iridonia
2024-05-21 00:54:54,676,x-wing,empire,6,5,9,7,Glee Anselm
2024-05-21 00:54:53,677,at-at,empire,2,4,7,2,Eriadu
2024-05-21 00:54:52,678,at-st,resistance,5,7,8,10,Aleen Minor
2024-05-21 00:54:51,679,resistance_soldier,empire,2,10,4,9,Socorro
2024-05-21 00:54:50,680,at-at,resistance,7,5,9,4,Vulpter
2024-05-21 00:54:49,681,unknown,empire,5,4,5,6,Muunilinst
2024-05-21 00:54:48,682,stormtrooper,empire,5,2,8,4,Concord Dawn
2024-05-21 00:54:47,683,tie_fighter,resistance,5,5,1,5,Umbara
2024-05-21 00:54:46,684,tie_fighter,resistance,6,3,2,8,Toydaria
2024-05-21 00:54:45,685,at-at,empire,6,1,5,6,Zolan
2024-05-21 00:54:44,686,stormtrooper,empire,9,3,8,9,Alderaan
2024-05-21 00:54:43,687,x-wing,resistance,3,8,8,10,Mirial
2024-05-21 00:54:42,688,tie_fighter,empire,10,4,4,2,Dorin
2024-05-21 00:54:41,689,stormtrooper,resistance,3,9,10,1,Tholoth
2024-05-21 00:54:40,690,stormtrooper,resistance,1,1,7,1,Eriadu
2024-05-21 00:54:39,691,at-st,empire,8,1,9,5,Trandosha
2024-05-21 00:54:38,692,x-wing,empire,7,9,9,10,Quermia
2024-05-21 00:54:37,693,unknown,empire,4,5,1,8,Stewjon
2024-05-21 00:54:36,694,at-at,empire,6,5,10,2,Champala
2024-05-21 00:54:35,695,unknown,resistance,8,7,7,1,Cerea
2024-05-21 00:54:34,696,tie_fighter,resistance,5,8,8,8,Corellia
2024-05-21 00:54:33,697,stormtrooper,empire,8,7,6,3,Haruun Kal
2024-05-21 00:54:32,698,stormtrooper,resistance,8,4,3,7,Vulpter
2024-05-21 00:54:31,699,unknown,empire,2,9,9,7,Serenno
2024-05-21 00:54:30,700,tie_silencer,empire,10,8,4,4,Mirial
2024-05-21 00:54:29,701,at-st,empire,7,1,7,5,Skako
2024-05-21 00:54:28,702,stormtrooper,empire,10,1,8,5,Cerea
2024-05-21 00:54:27,703,stormtrooper,empire,2,3,1,9,Vulpter
2024-05-21 00:54:26,704,stormtrooper,resistance,1,1,3,6,Iridonia
2024-05-21 00:54:25,705,at-st,resistance,3,9,7,8,Skako
2024-05-21 00:54:24,706,stormtrooper,resistance,3,9,6,1,Naboo
2024-05-21 00:54:23,707,tie_silencer,empire,6,1,5,3,Corellia
2024-05-21 00:54:22,708,resistance_soldier,resistance,9,10,7,3,Mirial
2024-05-21 00:54:21,709,stormtrooper,empire,10,6,8,3,Ryloth
2024-05-21 00:54:20,710,unknown,resistance,3,8,4,10,Concord Dawn
2024-05-21 00:54:19,711,x-wing,resistance,9,4,3,8,Dathomir
2024-05-21 00:54:18,712,unknown,resistance,8,8,9,3,Aleen Minor
2024-05-21 00:54:17,713,unknown,resistance,1,4,4,8,Zolan
2024-05-21 00:54:16,714,at-st,empire,9,9,2,6,Tholoth
2024-05-21 00:54:15,715,x-wing,empire,5,8,8,8,Iridonia
2024-05-21 00:54:14,716,stormtrooper,resistance,6,2,3,9,Stewjon
2024-05-21 00:54:13,717,resistance_soldier,empire,1,8,3,7,Dagobah
2024-05-21 00:54:12,718,unknown,empire,10,10,4,8,Skako
2024-05-21 00:54:11,719,unknown,resistance,9,6,5,9,Mirial
2024-05-21 00:54:10,720,at-at,resistance,6,1,3,1,Cerea
2024-05-21 00:54:09,721,tie_fighter,resistance,5,7,1,4,Toydaria
2024-05-21 00:54:08,722,stormtrooper,resistance,10,3,2,7,Dorin
2024-05-21 00:54:07,723,unknown,empire,5,6,9,3,Sullust
2024-05-21 00:54:06,724,stormtrooper,resistance,4,10,3,4,Umbara
2024-05-21 00:54:05,725,tie_fighter,resistance,7,7,4,5,Vulpter
2024-05-21 00:54:04,726,x-wing,resistance,3,1,6,2,Glee Anselm
2024-05-21 00:54:03,727,x-wing,resistance,6,7,10,10,Glee Anselm
2024-05-21 00:54:02,728,at-st,resistance,10,4,3,2,Bestine IV
2024-05-21 00:54:01,729,tie_silencer,resistance,6,5,9,1,Shili
2024-05-21 00:54:00,730,stormtrooper,resistance,9,9,1,2,Socorro
2024-05-21 00:53:59,731,x-wing,empire,9,2,8,3,Bestine IV
2024-05-21 00:53:58,732,resistance_soldier,empire,7,5,8,9,Shili
2024-05-21 00:53:57,733,stormtrooper,resistance,7,1,5,5,Troiken
2024-05-21 00:53:56,734,at-st,empire,3,6,7,5,Alderaan
2024-05-21 00:53:55,735,resistance_soldier,resistance,2,3,9,2,Vulpter
2024-05-21 00:53:54,736,tie_fighter,resistance,5,3,3,5,Mon Cala
2024-05-21 00:53:53,737,stormtrooper,resistance,5,8,5,3,Serenno
2024-05-21 00:53:52,738,x-wing,empire,2,7,9,8,Iridonia
2024-05-21 00:53:51,739,unknown,empire,10,3,6,6,Trandosha
2024-05-21 00:53:50,740,at-at,empire,7,7,3,7,Toydaria
2024-05-21 00:53:49,741,stormtrooper,resistance,7,1,7,8,Chandrila
2024-05-21 00:53:48,742,stormtrooper,resistance,10,3,10,4,Skako
2024-05-21 00:53:47,743,x-wing,empire,8,8,4,5,Alderaan
2024-05-21 00:53:46,744,at-st,resistance,9,7,6,6,Zolan
2024-05-21 00:53:45,745,unknown,empire,7,3,10,10,Malastare
2024-05-21 00:53:44,746,at-st,resistance,4,2,5,8,Ojom
2024-05-21 00:53:43,747,tie_fighter,empire,4,2,3,10,Zolan
2024-05-21 00:53:42,748,unknown,resistance,10,5,9,6,Sullust
2024-05-21 00:53:41,749,tie_fighter,resistance,8,4,1,9,Glee Anselm
2024-05-21 00:53:40,750,at-at,resistance,9,8,5,6,Alderaan
2024-05-21 00:53:39,751,stormtrooper,empire,5,4,10,1,Vulpter
2024-05-21 00:53:38,752,stormtrooper,empire,1,6,4,8,Rodia
2024-05-21 00:53:37,753,unknown,empire,4,10,10,4,Haruun Kal
2024-05-21 00:53:36,754,tie_silencer,empire,4,3,2,9,Troiken
2024-05-21 00:53:35,755,unknown,empire,7,7,9,3,Iridonia
2024-05-21 00:53:34,756,stormtrooper,empire,10,1,10,5,Stewjon
2024-05-21 00:53:33,757,resistance_soldier,resistance,6,6,5,6,Ryloth
2024-05-21 00:53:32,758,stormtrooper,resistance,1,9,4,5,Sullust
2024-05-21 00:53:31,759,unknown,resistance,7,9,4,9,Eriadu
2024-05-21 00:53:30,760,unknown,empire,6,10,5,9,Troiken
2024-05-21 00:53:29,761,resistance_soldier,empire,8,6,6,8,Trandosha
2024-05-21 00:53:28,762,tie_fighter,empire,5,1,5,2,Troiken
2024-05-21 00:53:27,763,resistance_soldier,resistance,1,8,6,9,Tatooine
2024-05-21 00:53:26,764,at-st,resistance,9,7,2,2,Shili
2024-05-21 00:53:25,765,x-wing,empire,10,7,7,7,Iktotch
2024-05-21 00:53:24,766,tie_fighter,resistance,2,9,10,3,Trandosha
2024-05-21 00:53:23,767,tie_fighter,resistance,1,2,6,10,Tund
2024-05-21 00:53:22,768,stormtrooper,empire,9,7,5,2,Muunilinst
2024-05-21 00:53:21,769,stormtrooper,resistance,1,5,1,2,Champala
2024-05-21 00:53:20,770,resistance_soldier,resistance,6,2,8,2,Mon Cala
2024-05-21 00:53:19,771,tie_fighter,empire,2,2,4,3,Corellia
2024-05-21 00:53:18,772,tie_silencer,resistance,4,3,5,3,Eriadu
2024-05-21 00:53:17,773,at-at,resistance,2,10,6,6,Ojom
2024-05-21 00:53:16,774,tie_fighter,resistance,8,6,4,2,Tatooine
2024-05-21 00:53:15,775,stormtrooper,resistance,4,8,9,7,Concord Dawn
2024-05-21 00:53:14,776,tie_silencer,resistance,5,10,3,9,Kashyyyk
2024-05-21 00:53:13,777,tie_fighter,resistance,6,10,3,1,Ojom
2024-05-21 00:53:12,778,tie_fighter,empire,5,2,3,3,Alderaan
2024-05-21 00:53:11,779,x-wing,resistance,3,7,1,5,Chandrila
2024-05-21 00:53:10,780,x-wing,empire,4,10,8,5,Alderaan
2024-05-21 00:53:09,781,tie_fighter,empire,3,4,2,10,Troiken
2024-05-21 00:53:08,782,at-at,empire,8,2,3,6,Iridonia
2024-05-21 00:53:07,783,at-st,resistance,3,1,7,9,Sullust
2024-05-21 00:53:06,784,stormtrooper,empire,7,3,10,8,Umbara
2024-05-21 00:53:05,785,unknown,resistance,10,7,1,1,Tholoth
2024-05-21 00:53:04,786,tie_fighter,empire,8,4,8,4,Alderaan
2024-05-21 00:53:03,787,resistance_soldier,empire,6,10,3,7,Sullust
2024-05-21 00:53:02,788,resistance_soldier,empire,8,10,2,7,Toydaria
2024-05-21 00:53:01,789,resistance_soldier,resistance,3,4,5,7,Aleen Minor
2024-05-21 00:53:00,790,tie_fighter,empire,5,10,2,7,Toydaria
2024-05-21 00:52:59,791,at-st,empire,9,10,2,9,Chandrila
2024-05-21 00:52:58,792,tie_fighter,resistance,9,4,7,4,Cerea
2024-05-21 00:52:57,793,stormtrooper,empire,9,7,4,8,Kalee
2024-05-21 00:52:56,794,at-at,empire,7,10,10,9,Socorro
2024-05-21 00:52:55,795,resistance_soldier,empire,6,5,5,3,Eriadu
2024-05-21 00:52:54,796,tie_silencer,empire,3,5,9,1,Umbara
2024-05-21 00:52:53,797,unknown,empire,8,6,2,9,Dorin
2024-05-21 00:52:52,798,tie_fighter,empire,5,7,6,10,Trandosha
2024-05-21 00:52:51,799,unknown,resistance,9,6,5,1,Vulpter
2024-05-21 00:52:50,800,at-st,empire,5,8,4,8,Ryloth
2024-05-21 00:52:49,801,resistance_soldier,resistance,8,2,10,7,Iktotch
2024-05-21 00:52:48,802,at-at,empire,1,3,7,9,Glee Anselm
2024-05-21 00:52:47,803,resistance_soldier,empire,10,2,6,8,Naboo
2024-05-21 00:52:46,804,stormtrooper,resistance,7,2,1,10,Trandosha
2024-05-21 00:52:45,805,unknown,resistance,1,10,9,6,Shili
2024-05-21 00:52:44,806,at-at,resistance,10,4,5,7,Kalee
2024-05-21 00:52:43,807,resistance_soldier,resistance,4,9,2,6,Socorro
2024-05-21 00:52:42,808,x-wing,resistance,2,6,10,10,Iridonia
2024-05-21 00:52:41,809,at-st,resistance,10,2,8,8,Tund
2024-05-21 00:52:40,810,tie_fighter,resistance,2,7,4,6,Tatooine
2024-05-21 00:52:39,811,tie_silencer,empire,4,5,1,10,Dorin
2024-05-21 00:52:38,812,x-wing,empire,8,6,9,1,Serenno
2024-05-21 00:52:37,813,stormtrooper,empire,7,10,5,7,Concord Dawn
2024-05-21 00:52:36,814,at-at,resistance,4,10,8,4,Umbara
2024-05-21 00:52:35,815,resistance_soldier,empire,9,8,4,10,Trandosha
2024-05-21 00:52:34,816,x-wing,resistance,1,6,4,10,Stewjon
2024-05-21 00:52:33,817,at-at,empire,3,7,10,3,Dathomir
2024-05-21 00:52:32,818,tie_fighter,resistance,1,6,4,9,Mirial
2024-05-21 00:52:31,819,x-wing,empire,1,4,10,8,Naboo
2024-05-21 00:52:30,820,at-at,empire,1,4,7,8,Trandosha
2024-05-21 00:52:29,821,at-st,empire,9,10,9,9,Umbara
2024-05-21 00:52:28,822,at-st,empire,1,5,2,6,Muunilinst
2024-05-21 00:52:27,823,stormtrooper,resistance,5,8,2,4,Mirial
2024-05-21 00:52:26,824,tie_fighter,resistance,6,5,4,3,Ryloth
2024-05-21 00:52:25,825,x-wing,empire,2,4,6,8,Eriadu
2024-05-21 00:52:24,826,tie_fighter,empire,1,2,10,3,Dagobah
2024-05-21 00:52:23,827,x-wing,resistance,3,6,4,8,Rodia
2024-05-21 00:52:22,828,x-wing,empire,9,5,9,6,Aleen Minor
2024-05-21 00:52:21,829,stormtrooper,empire,9,2,6,3,Mon Cala
2024-05-21 00:52:20,830,at-st,resistance,1,2,2,6,Glee Anselm
2024-05-21 00:52:19,831,x-wing,resistance,5,10,9,10,Sullust
2024-05-21 00:52:18,832,unknown,resistance,3,3,4,8,Kalee
2024-05-21 00:52:17,833,x-wing,empire,4,7,1,1,Corellia
2024-05-21 00:52:16,834,at-at,empire,2,10,10,8,Malastare
2024-05-21 00:52:15,835,resistance_soldier,empire,6,1,8,10,Eriadu
2024-05-21 00:52:14,836,at-st,resistance,10,3,6,10,Troiken
2024-05-21 00:52:13,837,stormtrooper,resistance,10,3,1,10,Iridonia
2024-05-21 00:52:12,838,stormtrooper,resistance,3,9,9,1,Tatooine
2024-05-21 00:52:11,839,tie_fighter,empire,10,8,2,10,Aleen Minor
2024-05-21 00:52:10,840,x-wing,empire,8,9,7,1,Champala
2024-05-21 00:52:09,841,resistance_soldier,empire,4,2,3,6,Serenno
2024-05-21 00:52:08,842,tie_fighter,resistance,10,2,9,8,Iridonia
2024-05-21 00:52:07,843,unknown,resistance,5,3,7,5,Malastare
2024-05-21 00:52:06,844,x-wing,resistance,5,9,6,9,Champala
2024-05-21 00:52:05,845,resistance_soldier,empire,10,3,8,1,Eriadu
2024-05-21 00:52:04,846,unknown,resistance,1,3,1,3,Muunilinst
2024-05-21 00:52:03,847,x-wing,empire,10,5,4,10,Champala
2024-05-21 00:52:02,848,at-st,resistance,4,3,3,8,Alderaan
2024-05-21 00:52:01,849,tie_silencer,resistance,3,10,3,4,Skako
2024-05-21 00:52:00,850,x-wing,empire,4,9,6,6,Haruun Kal
2024-05-21 00:51:59,851,at-st,resistance,10,4,10,8,Dorin
2024-05-21 00:51:58,852,tie_silencer,empire,4,6,10,7,Quermia
2024-05-21 00:51:57,853,x-wing,empire,4,3,5,7,Iktotch
2024-05-21 00:51:56,854,tie_silencer,empire,4,5,10,9,Dathomir
2024-05-21 00:51:55,855,at-st,resistance,7,2,1,7,Umbara
2024-05-21 00:51:54,856,tie_silencer,empire,2,9,7,5,Zolan
2024-05-21 00:51:53,857,tie_silencer,resistance,6,7,8,5,Tatooine
2024-05-21 00:51:52,858,stormtrooper,resistance,9,4,5,3,Haruun Kal
2024-05-21 00:51:51,859,unknown,empire,5,8,10,8,Quermia
2024-05-21 00:51:50,860,unknown,resistance,7,7,9,3,Aleen Minor
2024-05-21 00:51:49,861,x-wing,empire,7,1,6,5,Tund
2024-05-21 00:51:48,862,at-at,resistance,5,4,10,7,Ojom
2024-05-21 00:51:47,863,resistance_soldier,empire,5,6,4,6,Iridonia
2024-05-21 00:51:46,864,unknown,empire,3,10,2,7,Aleen Minor
2024-05-21 00:51:45,865,stormtrooper,resistance,9,10,6,5,Toydaria
2024-05-21 00:51:44,866,resistance_soldier,empire,1,9,9,3,Mon Cala
2024-05-21 00:51:43,867,tie_silencer,resistance,10,5,7,2,Troiken
2024-05-21 00:51:42,868,resistance_soldier,resistance,2,6,10,5,Alderaan
2024-05-21 00:51:41,869,tie_silencer,resistance,5,1,4,5,Quermia
2024-05-21 00:51:40,870,tie_silencer,resistance,3,4,5,7,Chandrila
2024-05-21 00:51:39,871,stormtrooper,resistance,6,2,8,1,Stewjon
2024-05-21 00:51:38,872,resistance_soldier,resistance,7,5,8,10,Kashyyyk
2024-05-21 00:51:37,873,x-wing,resistance,4,5,8,1,Dathomir
2024-05-21 00:51:36,874,stormtrooper,empire,2,7,9,4,Skako
2024-05-21 00:51:35,875,x-wing,resistance,8,9,7,6,Alderaan
2024-05-21 00:51:34,876,unknown,resistance,7,10,3,10,Muunilinst
2024-05-21 00:51:33,877,stormtrooper,resistance,1,1,10,4,Zolan
2024-05-21 00:51:32,878,unknown,empire,2,2,8,1,Aleen Minor
2024-05-21 00:51:31,879,unknown,empire,4,3,4,1,Toydaria
2024-05-21 00:51:30,880,at-st,empire,3,1,1,9,Quermia
2024-05-21 00:51:29,881,tie_fighter,resistance,2,5,6,9,Iridonia
2024-05-21 00:51:28,882,tie_fighter,resistance,1,9,10,2,Glee Anselm
2024-05-21 00:51:27,883,resistance_soldier,empire,4,4,9,2,Kashyyyk
2024-05-21 00:51:26,884,at-at,resistance,6,7,6,3,Dagobah
2024-05-21 00:51:25,885,resistance_soldier,resistance,4,8,7,8,Kashyyyk
2024-05-21 00:51:24,886,at-st,empire,3,6,5,9,Muunilinst
2024-05-21 00:51:23,887,at-at,empire,2,2,8,6,Kalee
2024-05-21 00:51:22,888,stormtrooper,resistance,7,3,6,8,Zolan
2024-05-21 00:51:21,889,at-st,resistance,3,1,7,6,Dagobah
2024-05-21 00:51:20,890,unknown,resistance,4,7,8,2,Glee Anselm
2024-05-21 00:51:19,891,stormtrooper,resistance,8,8,6,5,Corellia
2024-05-21 00:51:18,892,tie_silencer,empire,7,7,6,7,Serenno
2024-05-21 00:51:17,893,tie_silencer,resistance,5,5,7,10,Malastare
2024-05-21 00:51:16,894,unknown,resistance,5,10,2,7,Malastare
2024-05-21 00:51:15,895,resistance_soldier,empire,8,5,6,7,Stewjon
2024-05-21 00:51:14,896,tie_fighter,resistance,10,5,3,2,Cerea
2024-05-21 00:51:13,897,at-st,empire,8,6,1,8,Quermia
2024-05-21 00:51:12,898,x-wing,resistance,5,10,10,6,Quermia
2024-05-21 00:51:11,899,tie_fighter,empire,10,10,7,4,Aleen Minor
2024-05-21 00:51:10,900,at-at,resistance,4,4,5,6,Haruun Kal
2024-05-21 00:51:09,901,x-wing,empire,1,4,5,4,Haruun Kal
2024-05-21 00:51:08,902,resistance_soldier,resistance,6,6,1,10,Mon Cala
2024-05-21 00:51:07,903,tie_fighter,empire,4,8,9,6,Alderaan
2024-05-21 00:51:06,904,tie_fighter,resistance,7,7,1,4,Concord Dawn
2024-05-21 00:51:05,905,unknown,resistance,2,7,9,9,Stewjon
2024-05-21 00:51:04,906,tie_fighter,empire,1,3,2,10,Iridonia
2024-05-21 00:51:03,907,at-st,empire,3,7,9,2,Kalee
2024-05-21 00:51:02,908,unknown,resistance,8,6,1,1,Dagobah
2024-05-21 00:51:01,909,at-at,empire,4,2,2,6,Ojom
2024-05-21 00:51:00,910,unknown,resistance,7,5,8,3,Stewjon
2024-05-21 00:50:59,911,unknown,empire,3,7,10,3,Glee Anselm
2024-05-21 00:50:58,912,x-wing,resistance,2,4,6,3,Ryloth
2024-05-21 00:50:57,913,tie_fighter,empire,5,8,5,2,Bestine IV
2024-05-21 00:50:56,914,x-wing,empire,6,10,4,1,Tund
2024-05-21 00:50:55,915,at-at,empire,6,10,7,4,Skako
2024-05-21 00:50:54,916,resistance_soldier,empire,7,2,2,3,Chandrila
2024-05-21 00:50:53,917,tie_silencer,resistance,6,10,7,9,Iktotch
2024-05-21 00:50:52,918,tie_silencer,resistance,10,10,9,2,Champala
2024-05-21 00:50:51,919,at-at,empire,5,6,7,4,Ryloth
2024-05-21 00:50:50,920,x-wing,empire,3,9,3,10,Iktotch
2024-05-21 00:50:49,921,resistance_soldier,resistance,8,6,2,4,Dagobah
2024-05-21 00:50:48,922,at-st,empire,9,1,5,5,Stewjon
2024-05-21 00:50:47,923,at-at,resistance,4,5,1,8,Socorro
2024-05-21 00:50:46,924,x-wing,empire,8,10,6,1,Ryloth
2024-05-21 00:50:45,925,tie_silencer,empire,8,9,5,2,Naboo
2024-05-21 00:50:44,926,resistance_soldier,resistance,9,3,7,10,Malastare
2024-05-21 00:50:43,927,unknown,empire,3,9,7,10,Malastare
2024-05-21 00:50:42,928,tie_fighter,empire,2,3,6,1,Skako
2024-05-21 00:50:41,929,at-st,empire,6,1,10,9,Umbara
2024-05-21 00:50:40,930,at-at,empire,9,10,2,6,Tholoth
2024-05-21 00:50:39,931,tie_fighter,empire,10,3,5,5,Ojom
2024-05-21 00:50:38,932,tie_silencer,empire,1,4,7,3,Socorro
2024-05-21 00:50:37,933,at-st,empire,8,6,10,7,Dathomir
2024-05-21 00:50:36,934,unknown,empire,3,6,5,5,Dorin
2024-05-21 00:50:35,935,tie_silencer,empire,7,3,8,4,Dorin
2024-05-21 00:50:34,936,at-st,empire,8,5,5,5,Glee Anselm
2024-05-21 00:50:33,937,tie_silencer,empire,9,5,8,2,Alderaan
2024-05-21 00:50:32,938,unknown,empire,9,3,5,3,Tatooine
2024-05-21 00:50:31,939,at-st,resistance,2,2,10,2,Dagobah
2024-05-21 00:50:30,940,tie_silencer,empire,9,6,10,3,Kalee
2024-05-21 00:50:29,941,resistance_soldier,empire,3,4,5,5,Toydaria
2024-05-21 00:50:28,942,stormtrooper,resistance,10,4,9,7,Chandrila
2024-05-21 00:50:27,943,tie_fighter,empire,3,6,4,8,Mirial
2024-05-21 00:50:26,944,tie_silencer,resistance,5,5,4,4,Zolan
2024-05-21 00:50:25,945,tie_fighter,resistance,3,8,4,7,Iridonia
2024-05-21 00:50:24,946,at-at,resistance,3,5,9,7,Chandrila
2024-05-21 00:50:23,947,resistance_soldier,empire,1,2,6,2,Dathomir
2024-05-21 00:50:22,948,x-wing,resistance,1,6,5,1,Haruun Kal
2024-05-21 00:50:21,949,resistance_soldier,resistance,9,3,6,8,Socorro
2024-05-21 00:50:20,950,unknown,empire,4,1,10,9,Haruun Kal
2024-05-21 00:50:19,951,tie_fighter,empire,4,9,2,8,Aleen Minor
2024-05-21 00:50:18,952,unknown,resistance,7,10,3,5,Bestine IV
2024-05-21 00:50:17,953,tie_fighter,resistance,7,1,9,6,Aleen Minor
2024-05-21 00:50:16,954,at-st,resistance,6,3,6,10,Iridonia
2024-05-21 00:50:15,955,stormtrooper,empire,5,10,8,9,Ojom
2024-05-21 00:50:14,956,stormtrooper,empire,9,6,7,2,Stewjon
2024-05-21 00:50:13,957,stormtrooper,resistance,10,6,6,6,Rodia
2024-05-21 00:50:12,958,x-wing,empire,8,9,8,10,Glee Anselm
2024-05-21 00:50:11,959,at-st,resistance,6,8,10,6,Dathomir
2024-05-21 00:50:10,960,tie_fighter,resistance,7,1,10,1,Stewjon
2024-05-21 00:50:09,961,at-st,empire,5,5,2,8,Corellia
2024-05-21 00:50:08,962,stormtrooper,resistance,7,10,1,5,Vulpter
2024-05-21 00:50:07,963,x-wing,empire,3,10,6,5,Iridonia
2024-05-21 00:50:06,964,at-st,empire,1,8,9,5,Sullust
2024-05-21 00:50:05,965,resistance_soldier,resistance,5,9,1,6,Naboo
2024-05-21 00:50:04,966,at-at,resistance,1,1,10,9,Tund
2024-05-21 00:50:03,967,resistance_soldier,empire,8,7,8,7,Mon Cala
2024-05-21 00:50:02,968,stormtrooper,empire,5,7,2,8,Tatooine
2024-05-21 00:50:01,969,tie_fighter,empire,7,4,10,2,Troiken
2024-05-21 00:50:00,970,unknown,resistance,4,6,4,4,Alderaan
2024-05-21 00:49:59,971,unknown,empire,3,1,3,9,Tatooine
2024-05-21 00:49:58,972,tie_silencer,empire,1,10,3,2,Skako
2024-05-21 00:49:57,973,resistance_soldier,resistance,1,1,9,1,Serenno
2024-05-21 00:49:56,974,resistance_soldier,empire,2,6,7,5,Bestine IV
2024-05-21 00:49:55,975,at-st,resistance,1,10,4,10,Ojom
2024-05-21 00:49:54,976,at-at,empire,6,3,7,1,Rodia
2024-05-21 00:49:53,977,at-at,resistance,4,2,9,10,Malastare
2024-05-21 00:49:52,978,tie_fighter,empire,9,4,3,9,Umbara
2024-05-21 00:49:51,979,tie_silencer,empire,6,3,5,9,Shili
2024-05-21 00:49:50,980,tie_fighter,empire,8,1,7,6,Haruun Kal
2024-05-21 00:49:49,981,tie_silencer,empire,8,5,8,4,Chandrila
2024-05-21 00:49:48,982,at-st,resistance,5,5,5,3,Cerea
2024-05-21 00:49:47,983,stormtrooper,empire,7,9,1,8,Toydaria
2024-05-21 00:49:46,984,stormtrooper,resistance,6,6,4,8,Kashyyyk
2024-05-21 00:49:45,985,at-at,resistance,4,4,3,3,Iridonia
2024-05-21 00:49:44,986,at-at,resistance,2,6,10,3,Cerea
2024-05-21 00:49:43,987,tie_silencer,resistance,8,8,7,2,Quermia
2024-05-21 00:49:42,988,resistance_soldier,resistance,2,6,4,1,Vulpter
2024-05-21 00:49:41,989,at-st,empire,6,7,1,8,Serenno
2024-05-21 00:49:40,990,resistance_soldier,empire,6,5,5,4,Champala
2024-05-21 00:49:39,991,unknown,empire,7,5,5,9,Eriadu
2024-05-21 00:49:38,992,x-wing,empire,7,6,2,10,Sullust
2024-05-21 00:49:37,993,at-st,resistance,1,4,10,6,Eriadu
2024-05-21 00:49:36,994,at-at,resistance,5,10,10,4,Haruun Kal
2024-05-21 00:49:35,995,resistance_soldier,resistance,1,9,9,2,Zolan
2024-05-21 00:49:34,996,x-wing,empire,7,5,1,3,Ojom
2024-05-21 00:49:33,997,at-at,empire,4,7,8,5,Bestine IV
2024-05-21 00:49:32,998,tie_fighter,empire,7,1,9,6,Malastare
2024-05-21 00:49:31,999,unknown,resistance,8,3,6,4,Alderaan
2024-05-21 00:49:30,1000,at-at,resistance,2,2,2,6,Mirial
